team,avg_game_difference
England,10.5
France,12.125
Italy,13.666666666666666
Ireland,17.23076923076923
Wales,11.636363636363637
Scotland,5.0
New Zealand,30.5
